accordion	accordions
anchor	anchors
anvil	anvils
armchair	armchairs
barrel	barrels
basket	baskets
bell	bells
broom	brooms
candle	candles
canoe	canoes
castle	castles
chandelier	chandeliers
compass	compasses
crown	crowns
curtain	curtains
desk	desks
drum	drums
envelope	envelopes
fan	fans
faucet	faucets
fireplace	fireplaces
flag	flags
flute	flutes
fountain	fountains
guitar	guitars
hammer	hammers
helmet	helmets
hourglass	hourglasses
igloo	igloos
kettle	kettles
ladder	ladders
lantern	lanterns
mailbox	mailboxes
microscope	microscopes
mirror	mirrors
monument	monuments
necklace	necklaces
newspaper	newspapers
notebook	notebooks
paintbrush	paintbrushes
piano	pianos
pillow	pillows
pineapple	pineapples
pitcher	pitchers
radio	radios
rocking chair	rocking chairs
rug	rugs
saddle	saddles
saxophone	saxophones
shelf	shelves
shovel	shovels
statue	statues
stool	stools
submarine	submarines
telescope	telescopes
tent	tents
thermos	thermoses
tractor	tractors
trumpet	trumpets
typewriter	typewriters
vacuum cleaner	vacuum cleaners
violin	violins
wagon	wagons
wallet	wallets
watering can	watering cans
wheelbarrow	wheelbarrows
whistle	whistles
windmill	windmills
yo-yo	yo-yos
zipper	zippers
bathtub	bathtubs
beehive	beehives
briefcase	briefcases
cactus	cacti
calculator	calculators
camera	cameras
cannon	cannons
chessboard	chessboards
crib	cribs
dumbbell	dumbbells
